<?xml version="1.0" encoding="utf-8"?>
<!DOCTYPE mapper PUBLIC
"-//mybatis.org//DTD Mapper 3.0//EN"
"http://mybatis.org/dtd/mybatis-3-mapper.dtd">

<mapper namespace="boardMapper">
<!-- 컬럼명 디비와 일치해야함!! -->
	<resultMap type="Board" id="resultBoard">
		<id column="board_no" property="board_no" />
		<result column="user_id" property="user_id" />
		<result column="board_title" property="board_title" />
		<result column="board_content" property="board_content" />
		<result column="board_date" property="board_date" />
		<result column="board_count" property="board_count" />
		<result column="board_original_img" property="board_original_img" />
		<result column="board_rename_img" property="board_rename_img" />
		<result column="board_ref" property="board_ref" />
		<result column="board_reply_ref" property="board_reply_ref" />
		<result column="board_reply_lev" property="board_reply_lev" />
		<result column="board_reply_seq" property="board_reply_seq" />

	</resultMap>
	
	<resultMap id="resultTop3" type="Board">
		<result property="board_no" column="board_no"/>
		<result property="board_title" column="board_title"/>
		<result property="board_count" column="board_count"/>
	</resultMap>

	<!-- 총 개시글 갯수 -->
	<select id="getListCount" resultType="_int">
		select count(*) from board
	</select>
	
	<!-- 개시글 출력 -->
	<select id="selectList" parameterType="Paging" resultMap="resultBoard">
		<![CDATA[
			SELECT *  
			FROM (SELECT ROWNUM RNUM, BOARD_NO, BOARD_TITLE, user_id,   
			               BOARD_CONTENT, BOARD_ORIGINAL_img,  
			               BOARD_RENAME_img, BOARD_DATE,BOARD_COUNT  
			       FROM (select * from board order by board_no desc))
			where rnum >= #{startRow} and rnum <= #{endRow}
		]]>
	</select>
	
	
	<!-- 글 등록 -->
	<insert id="insertOriginBoard" parameterType="Board" >
		insert into board 	(board_no, user_id, board_title, 
				board_content, board_date, board_count, board_original_img, 
				board_rename_img)	
		values ((select max(board_no) + 1 from board), #{user_id},
				#{board_title}, #{board_content}, sysdate, 0,
				#{board_original_img}, #{board_rename_img})		
	</insert>
	
	<!-- 글 상세 조회 -->
	<select id="selectBoard" parameterType="int" resultMap="resultBoard">
		select * from board 
		where board_no = #{board_no}
	</select>	

	<!-- 글 상세 조회시 카운트 증가 -->
	<update id="addReadCount" parameterType="_int">
		update board 
		set board_count = board_count + 1 
		where board_no = #{board_no}
	</update>
	
	<!-- 글 수정 -->
	<update id="updateOrigin" parameterType="Board">
		update board 
		set board_title = #{board_title}, 
			board_content = #{board_content}	
			<if test="board_original_img != null">
			, 
			board_original_img = #{board_original_img}, 
			board_rename_img = #{board_rename_img} 
			</if>
			<if test="board_original_img == null">
			, 
			board_original_img = null, 
			board_rename_img = null 
			</if>
		where board_no = #{board_no}
	</update> 
	
	<!-- 글 삭제 -->
	<!-- <delete id="deleteBoard" parameterType="Board">
		delete from board 
	 	where board_no = #{board_no}
	</delete> -->
	
	<delete id="deleteBoard" parameterType="Board">
		delete from board 
		<if test="board_reply_lev == 1">
			where board_no = #{board_no}
		</if>
		<if test="board_reply_lev == 2">
			where board_no = #{board_no}
		</if>
		<if test="board_reply_lev == 3">
			where board_no = #{board_no}
		</if>		
	</delete>


	
	<!-- 게시글 3개 출력 -->
	<select id="selectTop3" resultMap="resultTop3">
		<![CDATA[
		SELECT *  
		FROM (SELECT ROWNUM RNUM, BOARD_NO, 
					 BOARD_TITLE, BOARD_COUNT  
		       FROM (SELECT * FROM BOARD
		              ORDER BY BOARD_COUNT DESC))  
		WHERE RNUM >= 1 AND RNUM <= 5
		]]>
	</select>



	<!-- 게시물 목록 + 페이징 + 제목검색 -->
<select id="searchTitle" parameterType="Object" resultMap="resultBoard">
	<![CDATA[
		SELECT *  
		FROM (SELECT ROWNUM RNUM, BOARD_NO, BOARD_TITLE, user_id,   
				               BOARD_CONTENT, BOARD_ORIGINAL_img,  
				               BOARD_RENAME_img, BOARD_DATE,BOARD_COUNT  
	          FROM(select *
	               from board
	               where board_title like '%' || #{ keyword } || '%'))
		where rnum >= #{startRow} and rnum <= #{endRow}
	]]>
</select>

<!-- 게시물 총 갯수 + 검색 적용 -->
<select id="searchTitleCount" resultType="_int" parameterType="string">	
		SELECT count(*)  
		from board
	    where board_title like '%' || #{ keyword } || '%'	
</select>


	<!-- 게시물 목록 + 페이징 + 작성자 -->
<select id="searchWriter" parameterType="Object" resultMap="resultBoard">
	<![CDATA[
		SELECT *  
		FROM (SELECT ROWNUM RNUM, BOARD_NO, BOARD_TITLE, user_id,   
				               BOARD_CONTENT, BOARD_ORIGINAL_img,  
				               BOARD_RENAME_img, BOARD_DATE,BOARD_COUNT  
	          FROM(select *
	               from board
	               where user_id like '%' || #{ keyword } || '%'))
		where rnum >= #{startRow} and rnum <= #{endRow}
	]]>
</select>

	<!-- 작성자로 검색  갯수-->
 	<select id="searchWriterCount" parameterType="String" resultType="_int">
		select count(*) 
		from board
		where user_id like '%' || #{ keyword } || '%'
	</select>
	
	
	
	
		<!-- 게시물 목록 + 페이징 + 날짜 -->
<select id="searchDate" parameterType="Object" resultMap="resultBoard">
	<![CDATA[
		SELECT *  
		FROM (SELECT ROWNUM RNUM, BOARD_NO, BOARD_TITLE, user_id,   
				               BOARD_CONTENT, BOARD_ORIGINAL_img,  
				               BOARD_RENAME_img, BOARD_DATE,board_count  
	          FROM(select *
	               from board
	               where board_date between #{ begin } and #{ end }))
		where rnum >= #{startRow} and rnum <= #{endRow}
	]]>
</select>
	
	
	<!-- 날짜로 검색 갯수 -->
 	<select id="searchDateCount" parameterType="SearchDate" resultType="_int">
		select count(*) 
		from board
		where board_date between #{ begin } and #{ end } + 1		
	</select>

	<!-- 댓글 등록시 seq 증가   -->
	<update id="updateReplySeq1" parameterType="Board" >
		update board 
		set board_reply_seq = board_reply_seq + 1 
		where board_ref = #{board_ref} 
		and board_reply_lev = #{board_reply_lev}		
	</update>
	
		<!-- 대댓글 등록시 seq 증가  -->
	<update id="updateReplySeq2" parameterType="Board" >
		update board 
		set board_reply_seq = board_reply_seq + 1 
		where board_ref = #{board_ref} 
		and board_reply_lev = #{board_reply_lev} 
		and board_reply_ref = 	#{board_reply_ref}
	</update>

	<!-- 댓글 등록 -->
	<insert id="insertReply1" parameterType="Board">
		insert into board (board_no, board_title, user_id,
				board_content, board_original_img, 
				board_rename_img, board_date, 
				board_reply_lev, board_ref, board_reply_ref,
				board_reply_seq, board_count)
		values ((select max(board_no) + 1 from board), 
				#{board_title}, #{user_id}, #{board_content}, 
				null, null, sysdate, 2, #{board_ref}, 
				(select max(board_no) + 1 from board), 
				#{board_reply_seq}, default)		
	</insert>
	
	<!-- 대댓글 등록 -->
	<insert id="insertReply2" parameterType="Board">
		insert into board (board_no, board_title, user_id,
				board_content, board_original_img, 
				board_rename_img, board_date, 
				board_reply_lev, board_ref, board_reply_ref,
				board_reply_seq, board_count)
		values ((select max(board_no) + 1 from board), 
				#{board_title}, #{user_id}, #{boad_content}, 
				null, null, sysdate, 3, #{board_ref}, 
				#{board_reply_ref}, #{board_reply_seq}, default)
	</insert>

	<!-- 댓글 수정 -->
	<update id="updateReply" parameterType="Board">
		update board 
		set board_title = #{board_title}, 
			board_content = #{board_content}
		where board_no = #{board_no}						
	</update>



</mapper>
