<?xml version="1.0" encoding="UTF-8"?>
<beans xmlns="http://www.springframework.org/schema/beans"
	xmlns:xsi="http://www.w3.org/2001/XMLSchema-instance"
	xmlns:tx="http://www.springframework.org/schema/tx"
	xmlns:aop="http://www.springframework.org/schema/aop"
	xsi:schemaLocation="http://www.springframework.org/schema/beans https://www.springframework.org/schema/beans/spring-beans.xsd
		http://www.springframework.org/schema/aop http://www.springframework.org/schema/aop/spring-aop-4.3.xsd
		http://www.springframework.org/schema/tx http://www.springframework.org/schema/tx/spring-tx-4.3.xsd">

	<!-- Root Context: defines shared resources visible to all other web components -->
	<!-- DataSource 등록 -->
	<bean class="org.apache.commons.dbcp.BasicDataSource"
		destroy-method="close" id="realDataSource">
		<property name="driverClassName"
			value="oracle.jdbc.driver.OracleDriver" />
		<property name="url"
			value="jdbc:oracle:thin:@localhost:1521:xe" />
		<property name="username" value="c##foodbalance" />
		<property name="password" value="foodbalance" />
	</bean>
	
	<!-- 값이 적용되어 실행되는 query 문과 resultSet 결과값을 
	    로그로 출력되게 하려면 dataSource 에 로그 연결 설정을
	    해야 함 -->
	<!-- log4jdbc-remix 관련 dataSource 처리 -->
	<bean id="dataSource" class="net.sf.log4jdbc.Log4jdbcProxyDataSource">
		<constructor-arg ref="realDataSource" />
		<property name="logFormatter">
			<bean class="net.sf.log4jdbc.tools.Log4JdbcCustomFormatter">
				<property name="loggingType" value="MULTI_LINE" />
				<property name="sqlPrefix" value="[SQL] " />
			</bean>
		</property>
	</bean>

	<!-- Spring과 Mybatis 연동 설정 -->
	<bean class="org.mybatis.spring.SqlSessionFactoryBean"
		id="sqlSession">
		<property name="configLocation"
			value="classpath:mybatis-config.xml" />		
		<property name="dataSource" ref="dataSource" />
	</bean>

	<bean class="org.mybatis.spring.SqlSessionTemplate" name="sqlSessionTemplate">
		<constructor-arg index="0" ref="sqlSession"></constructor-arg>
	</bean>
	
	<!-- 트랜잭션 관리 설정 -->	
	<bean
		class="org.springframework.jdbc.datasource.DataSourceTransactionManager"
		id="transactionManager">
	<property name="dataSource" ref="dataSource"></property>
	</bean>

	<!-- service 에서 필요한 시점에서 commit / rollback 이 
	구동되게 aop 설정 처리 -->
	<tx:advice id="txAdvice" transaction-manager="transactionManager">
		<tx:attributes>
			<tx:method name="select*" read-only="true"
				rollback-for="Exception" />
			<tx:method name="insert*" rollback-for="Exception" />
			<tx:method name="update*" rollback-for="Excepton" />
			<tx:method name="delete*" rollback-for="Exception" />
		</tx:attributes>
	</tx:advice>
	
	<tx:annotation-driven transaction-manager="transactionManager" />


	<aop:config proxy-target-class="true">
		<aop:pointcut
			expression="execution(* com.project.foodbalance..*Impl.*(..))"
			id="serviceMethod" />
		<aop:advisor advice-ref="txAdvice" id="transactionAdviser"
			pointcut-ref="serviceMethod" />
	</aop:config>
	
	
</beans>
